,kingdom,supergroup,division,class,order,family,genus,species,taxon
Cercozoa_288,Eukaryota,Rhizaria,Cercozoa,Filosa-Sarcomonadea,Cercomonadida,Paracercomonadidae,Paracercomonas,Paracercomonas_sp.,Paracercomonas_sp.
Opalozoa_10,Eukaryota,Stramenopiles,Opalozoa,Bicoecea,Anoecales,Cafeteriaceae,Cafeteria,Cafeteria_minima,Cafeteria_minima
Opalozoa_131,Eukaryota,Stramenopiles,Opalozoa,Opalinata,Opalinata_X,Blastocystis-Group,Blastocystis,Blastocystis_sp.,Blastocystis_sp.
Opalozoa_180,Eukaryota,Stramenopiles,Opalozoa,MAST-12,MAST-12A,MAST-12A_X,MAST-12A_XX,MAST-12A_XX_sp.,MAST-12A_XX_sp.
Opalozoa_186,Eukaryota,Stramenopiles,Opalozoa,Placidideae,Placidiales,Placidiales_X,Placidiales_XX,Placidiales_XX_sp.,Placidiales_XX_sp.
Radiolaria_101,Eukaryota,Rhizaria,Radiolaria,Acantharea,,,,,Acantharea
Radiolaria_102,Eukaryota,Rhizaria,Radiolaria,,,,,,Radiolaria
Streptophyta_507,Eukaryota,Archaeplastida,Streptophyta,Embryophyceae,Embryophyceae_X,Embryophyceae_XX,,,Embryophyceae_XX
Telonemia_3,Eukaryota,Hacrobia,Telonemia,Telonemia_X,Telonemia_XX,Telonemia-Group-2,Telonemia-Group-2_X,Telonemia-Group-2_X_sp.,Telonemia-Group-2_X_sp.
Cercozoa_1,Eukaryota,Rhizaria,Cercozoa,Filosa-Granofilosea,Cryptofilida,Nanofilidae,Nanofila,Nanofila_sp.,Nanofila_sp.
Cercozoa_416,Eukaryota,Rhizaria,Cercozoa,,,,,,Cercozoa
Cercozoa_81,Eukaryota,Rhizaria,Cercozoa,Filosa-Imbricatea,Spongomonadida,Spongomonadidae,Spongomonas,Spongomonas_minima,Spongomonas_minima
Conosa_69,Eukaryota,Amoebozoa,Conosa,Archamoebea,Archamoebea_X,Entamoebidae,Entamoeba,,Entamoeba
Lobosa_27,Eukaryota,Amoebozoa,Lobosa,Tubulinea,Euamoebida,LOS7N/I-lineage,LOS7N/I-lineage_X,LOS7N/I-lineage_X_sp.,LOS7N/I-lineage_X_sp.
Metamonada_19,Eukaryota,Excavata,Metamonada,Preaxostyla,Oxymonadida,,,,Oxymonadida
Opalozoa_4,Eukaryota,Stramenopiles,Opalozoa,Bicoecea,Anoecales,Symbiomonaceae,Symbiomonas,Symbiomonas_scintillans,Symbiomonas_scintillans
Picozoa_4,Eukaryota,Hacrobia,Picozoa,Picozoa_X,Picozoa_XX,Picozoa_XXX,Picozoa_XXXX,Picozoa_XXXX_sp.,Picozoa_XXXX_sp.
Sagenista_98,Eukaryota,Stramenopiles,Sagenista,Labyrinthulomycetes,Labyrinthulales,Labyrinthulaceae,Labyrinthulaceae_X,Labyrinthulaceae_X_sp.,Labyrinthulaceae_X_sp.
Streptophyta_2,Eukaryota,Archaeplastida,Streptophyta,Embryophyceae,Embryophyceae_X,Embryophyceae_XX,Glycine,Glycine_max,Glycine_max
Streptophyta_474,Eukaryota,Archaeplastida,Streptophyta,Embryophyceae,Embryophyceae_X,Embryophyceae_XX,Mazus,Mazus_pumilus,Mazus_pumilus
Streptophyta_543,Eukaryota,Archaeplastida,Streptophyta,Embryophyceae,Embryophyceae_X,Embryophyceae_XX,Solanum,Solanum_tuberosum,Solanum_tuberosum
Radiolaria_44,Eukaryota,Rhizaria,Radiolaria,RAD-A,RAD-A_X,RAD-A_XX,RAD-A_XXX,RAD-A_XXX_sp.,RAD-A_XXX_sp.
Radiolaria_50,Eukaryota,Rhizaria,Radiolaria,RAD-B,RAD-B_X,RAD-B-Group-I,RAD-B-Group-I_X,RAD-B-Group-I_X_sp.,RAD-B-Group-I_X_sp.
Sagenista_130,Eukaryota,Stramenopiles,Sagenista,Labyrinthulomycetes,Thraustochytriales,Thraustochytriaceae,,,Thraustochytriaceae
Sagenista_46,Eukaryota,Stramenopiles,Sagenista,Labyrinthulomycetes,Labyrinthulales,Labyrinthulaceae,Labyrinthulaceae_X,Labyrinthulaceae_X_sp.,Labyrinthulaceae_X_sp.
Apicomplexa_326,Eukaryota,Alveolata,Apicomplexa,Gregarinomorphea,Gregarines,Gregarines_X,Selenidium2,Selenidium2_orientale,Selenidium2_orientale
Centroheliozoa_4,Eukaryota,Hacrobia,Centroheliozoa,Centroheliozoa_X,Pterocystida,Pterocystida_X,Pterocystida_XX,Pterocystida_XX_sp.,Pterocystida_XX_sp.
Cercozoa_294,Eukaryota,Rhizaria,Cercozoa,Filosa-Sarcomonadea,Cercomonadida,Cercomonadidae,Cercomonas,Cercomonas_sp.,Cercomonas_sp.
Cercozoa_338,Eukaryota,Rhizaria,Cercozoa,Filosa-Sarcomonadea,Cercomonadida,Cercomonadidae,,,Cercomonadidae
Ciliophora_1225,Eukaryota,Alveolata,Ciliophora,Litostomatea,Trichostomatia,Trichostomatia_X,Diplodinium,Diplodinium_anisacanthum,Diplodinium_anisacanthum
Ciliophora_357,Eukaryota,Alveolata,Ciliophora,Spirotrichea,Euplotia,Euplotidae,Euplotes,,Euplotes
Ciliophora_471,Eukaryota,Alveolata,Ciliophora,Phyllopharyngea,Cyrtophoria_5,Chlamydodontidae,Chlamydodon,Chlamydodon_mnemosyne,Chlamydodon_mnemosyne
Cryptophyta_84,Eukaryota,Hacrobia,Cryptophyta,Cryptophyceae,Cryptomonadales,Cryptomonadales_X,,,Cryptomonadales_X
Metamonada_17,Eukaryota,Excavata,Metamonada,Preaxostyla,Oxymonadida,Pyrsonymphidae,Dinenympha,Dinenympha_sp.,Dinenympha_sp.
Opalozoa_30,Eukaryota,Stramenopiles,Opalozoa,Opalinata,Opalinata_X,Blastocystis-Group,Blastocystis,Blastocystis_cycluri,Blastocystis_cycluri
Radiolaria_103,Eukaryota,Rhizaria,Radiolaria,,,,,,Radiolaria
Radiolaria_38,Eukaryota,Rhizaria,Radiolaria,RAD-A,RAD-A_X,RAD-A_XX,RAD-A_XXX,RAD-A_XXX_sp.,RAD-A_XXX_sp.
Radiolaria_47,Eukaryota,Rhizaria,Radiolaria,RAD-A,RAD-A_X,RAD-A_XX,RAD-A_XXX,RAD-A_XXX_sp.,RAD-A_XXX_sp.
Radiolaria_63,Eukaryota,Rhizaria,Radiolaria,RAD-B,RAD-B_X,RAD-B-Group-IV,,,RAD-B-Group-IV
Sagenista_165,Eukaryota,Stramenopiles,Sagenista,Labyrinthulomycetes,Thraustochytriales,Thraustochytriaceae,Aurantiochytrium,Aurantiochytrium_sp.,Aurantiochytrium_sp.
Sagenista_48,Eukaryota,Stramenopiles,Sagenista,Labyrinthulomycetes,Thraustochytriales,Thraustochytriaceae,Labyrinthuloides,Labyrinthuloides_minuta,Labyrinthuloides_minuta
Sagenista_49,Eukaryota,Stramenopiles,Sagenista,Labyrinthulomycetes,Labyrinthulales,Labyrinthulaceae,Aplanochytrium,Aplanochytrium_stocchinoi,Aplanochytrium_stocchinoi
Sagenista_63,Eukaryota,Stramenopiles,Sagenista,Labyrinthulomycetes,Labyrinthulales,Labyrinthulaceae,,,Labyrinthulaceae
Sagenista_66,Eukaryota,Stramenopiles,Sagenista,Labyrinthulomycetes,,,,,Labyrinthulomycetes
Sagenista_71,Eukaryota,Stramenopiles,Sagenista,MAST-7,,,,,MAST-7
Sagenista_79,Eukaryota,Stramenopiles,Sagenista,MAST-11,MAST-11_X,MAST-11_XX,MAST-11_XXX,MAST-11_XXX_sp.,MAST-11_XXX_sp.
Cercozoa_424,Eukaryota,Rhizaria,Cercozoa,Chlorarachniophyceae,Chlorarachnida,Chlorarachnida_X,Chlorarachnida_XX,Chlorarachnida_XX_sp.,Chlorarachnida_XX_sp.
Cercozoa_79,Eukaryota,Rhizaria,Cercozoa,Filosa-Imbricatea,Marimonadida,Marimonadida_X,Marimonadida_XX,Marimonadida_XX_sp.,Marimonadida_XX_sp.
Ciliophora_1344,Eukaryota,Alveolata,Ciliophora,Spirotrichea,Tintinnida,TIN_05,Tintinnopsis_05,Tintinnopsis_cylindrica,Tintinnopsis_cylindrica
Ciliophora_1416,Eukaryota,Alveolata,Ciliophora,Spirotrichea,Strombidiida,,,,Strombidiida
Conosa_135,Eukaryota,Amoebozoa,Conosa,Mycetozoa-Dictyostelea,Dictyosteliida,Dictyosteliida-Group-I,Dictyostelium-Group-I,,Dictyostelium-Group-I
Dinoflagellata_1195,Eukaryota,Alveolata,Dinoflagellata,Dinophyceae,Gymnodiniales,Gymnodiniaceae,Gymnodinium,Gymnodinium_catenatum,Gymnodinium_catenatum
Dinoflagellata_1204,Eukaryota,Alveolata,Dinoflagellata,Dinophyceae,Gymnodiniales,Gymnodiniaceae,Lepidodinium,Lepidodinium_viride,Lepidodinium_viride
Dinoflagellata_1729,Eukaryota,Alveolata,Dinoflagellata,Dinophyceae,Prorocentrales,Prorocentraceae,Prorocentrum,Prorocentrum_cordatum,Prorocentrum_cordatum
Dinoflagellata_1804,Eukaryota,Alveolata,Dinoflagellata,Dinophyceae,Suessiales,Suessiaceae,Pelagodinium,Pelagodinium_beii,Pelagodinium_beii
Dinoflagellata_1817,Eukaryota,Alveolata,Dinoflagellata,Dinophyceae,Dinophyceae_X,Tovelliaceae,Woloszynskia,Woloszynskia_cincta,Woloszynskia_cincta
Dinoflagellata_717,Eukaryota,Alveolata,Dinoflagellata,Dinophyceae,Gonyaulacales,Pyrophacaceae,Fragilidium,,Fragilidium
Dinoflagellata_961,Eukaryota,Alveolata,Dinoflagellata,Dinophyceae,Gonyaulacales,Gonyaulacaceae,Lingulodinium,Lingulodinium_polyedra,Lingulodinium_polyedra
Radiolaria_108,Eukaryota,Rhizaria,Radiolaria,Polycystinea,Nassellaria,Pterocoryothoidea,Pterocanium,Pterocanium_trilobum,Pterocanium_trilobum
Streptophyta_390,Eukaryota,Archaeplastida,Streptophyta,Embryophyceae,Embryophyceae_X,Embryophyceae_XX,Selaginella,Selaginella_apoda,Selaginella_apoda
Telonemia_17,Eukaryota,Hacrobia,Telonemia,Telonemia_X,Telonemia_XX,Telonemia-Group-2,Telonema-Group-2,Telonema_antarcticum,Telonema_antarcticum
Apicomplexa_422,Eukaryota,Alveolata,Apicomplexa,Colpodellidea,Colpodellida,Colpodellaceae,Colpodella,Colpodella_sp.,Colpodella_sp.
Cercozoa_106,Eukaryota,Rhizaria,Cercozoa,Filosa-Imbricatea,Euglyphida,Trinematidae,Trinema,Trinema_lineare,Trinema_lineare
Cercozoa_173,Eukaryota,Rhizaria,Cercozoa,Filosa-Thecofilosea,Cryomonadida,Cryomonadida_X,Cryomonadida_XX,Cryomonadida_XX_sp.,Cryomonadida_XX_sp.
Cercozoa_195,Eukaryota,Rhizaria,Cercozoa,Filosa-Thecofilosea,Cryomonadida,Rhogostoma-lineage,Rhogostoma-lineage_X,Rhogostoma-lineage_X_sp.,Rhogostoma-lineage_X_sp.
Cercozoa_196,Eukaryota,Rhizaria,Cercozoa,Filosa-Thecofilosea,Cryomonadida,Rhogostoma-lineage,Rhogostoma-lineage_X,Rhogostoma-lineage_X_sp.,Rhogostoma-lineage_X_sp.
Cercozoa_199,Eukaryota,Rhizaria,Cercozoa,Filosa-Thecofilosea,Cryomonadida,Rhogostoma-lineage,Rhogostoma,Rhogostoma_minus,Rhogostoma_minus
Cercozoa_212,Eukaryota,Rhizaria,Cercozoa,Filosa-Thecofilosea,Cryomonadida,Protaspa-lineage,Protaspa-lineage_X,Protaspa-lineage_X_sp.,Protaspa-lineage_X_sp.
Cercozoa_432,Eukaryota,Rhizaria,Cercozoa,Chlorarachniophyceae,Chlorarachnida,Chlorarachnida_X,,,Chlorarachnida_X
Cercozoa_94,Eukaryota,Rhizaria,Cercozoa,Filosa-Imbricatea,Filosa-Imbricatea_X,Novel-clade-2,Novel-clade-2_X,Novel-clade-2_X_sp.,Novel-clade-2_X_sp.
Ciliophora_191,Eukaryota,Alveolata,Ciliophora,Spirotrichea,Hypotrichia,Oxytrichidae,Oxytricha,Oxytricha_sp.,Oxytricha_sp.
Sagenista_84,Eukaryota,Stramenopiles,Sagenista,MAST-10,MAST-10_X,MAST-10_XX,MAST-10_XXX,MAST-10_XXX_sp.,MAST-10_XXX_sp.
Streptophyta_521,Eukaryota,Archaeplastida,Streptophyta,Embryophyceae,Embryophyceae_X,Embryophyceae_XX,Pimelodendron,Pimelodendron_griffithianum,Pimelodendron_griffithianum
Telonemia_28,Eukaryota,Hacrobia,Telonemia,Telonemia_X,Telonemia_XX,Telonemia-Group-1,Telonema-Group-1,Telonema_subtile,Telonema_subtile
Apicomplexa_433,Eukaryota,Alveolata,Apicomplexa,Gregarinomorphea,Gregarines_GRE1,Gregarines_GRE1_X,Gregarines_GRE1_XX,Gregarines_GRE1_XX_sp.,Gregarines_GRE1_XX_sp.
Radiolaria_71,Eukaryota,Rhizaria,Radiolaria,Acantharea,Arthracanthida-Symphyacanthida,Arthracanthida-Symphyacanthida_X,Arthracanthida,Arthracanthida_sp.,Arthracanthida_sp.
Sagenista_118,Eukaryota,Stramenopiles,Sagenista,Labyrinthulomycetes,Thraustochytriales,Thraustochytriaceae,Thraustochytriaceae_X,Thraustochytriaceae_X_sp.,Thraustochytriaceae_X_sp.
Cercozoa_20,Eukaryota,Rhizaria,Cercozoa,Filosa-Granofilosea,Filosa-Granofilosea_X,,,,Filosa-Granofilosea_X
Radiolaria_10,Eukaryota,Rhizaria,Radiolaria,Polycystinea,Collodaria,,,,Collodaria
Opalozoa_173,Eukaryota,Stramenopiles,Opalozoa,Opalinata,Opalinata_X,Proteromonadidae,Karotomorpha,Karotomorpha_sp.,Karotomorpha_sp.
Radiolaria_2,Eukaryota,Rhizaria,Radiolaria,Polycystinea,Collodaria,Collosphaeridae,Collosphaera,Collosphaera_globularis-huxleyi,Collosphaera_globularis-huxleyi
Radiolaria_36,Eukaryota,Rhizaria,Radiolaria,Polycystinea,Spumellarida,,,,Spumellarida
Streptophyta_541,Eukaryota,Archaeplastida,Streptophyta,Embryophyceae,Embryophyceae_X,Embryophyceae_XX,Exacum,Exacum_affine,Exacum_affine
Metamonada_16,Eukaryota,Excavata,Metamonada,Preaxostyla,Oxymonadida,Pyrsonymphidae,Dinenympha,Dinenympha_sp.,Dinenympha_sp.
Conosa_126,Eukaryota,Amoebozoa,Conosa,,,,,,Conosa
Cryptophyta_34,Eukaryota,Hacrobia,Cryptophyta,Cryptophyceae,Cryptomonadales,Cryptomonadales_X,Geminigera,Geminigera_cryophila,Geminigera_cryophila
Radiolaria_11,Eukaryota,Rhizaria,Radiolaria,Polycystinea,Nassellaria,Eurcyrtidioidea,Eucyrtidium,Eucyrtidium_hexagonatum,Eucyrtidium_hexagonatum
Dinoflagellata_97,Eukaryota,Alveolata,Dinoflagellata,Dinophyceae,Gymnodiniales,Kareniaceae,,,Kareniaceae
Apusomonadidae_4,Eukaryota,Apusozoa,Apusomonadidae,Apusomonadidae_Group-1,Apusomonadidae_Group-1_X,Apusomonadidae_Group-1_XX,Amastigomonas,,Amastigomonas
Ciliophora_473,Eukaryota,Alveolata,Ciliophora,Phyllopharyngea,Cyrtophoria_6,Plesiotrichopidae,Trochochilodon,Trochochilodon_flavus,Trochochilodon_flavus
Metamonada_22,Eukaryota,Excavata,Metamonada,Fornicata,Fornicata_X,Carpediomonas-like,Dysnectes,,Dysnectes
Streptophyta_458,Eukaryota,Archaeplastida,Streptophyta,Embryophyceae,Embryophyceae_X,Embryophyceae_XX,,,Embryophyceae_XX
Cercozoa_144,Eukaryota,Rhizaria,Cercozoa,Filosa-Thecofilosea,Ventricleftida,Ventrifissuridae,Ventrifissuridae_X,Ventrifissuridae_X_sp.,Ventrifissuridae_X_sp.
Cercozoa_287,Eukaryota,Rhizaria,Cercozoa,Filosa-Sarcomonadea,Cercomonadida,Paracercomonadidae,Paracercomonas,Paracercomonas_sp.,Paracercomonas_sp.
Cercozoa_36,Eukaryota,Rhizaria,Cercozoa,Filosa-Granofilosea,,,,,Filosa-Granofilosea
Streptophyta_433,Eukaryota,Archaeplastida,Streptophyta,Embryophyceae,Embryophyceae_X,Embryophyceae_XX,Xyris,Xyris_difformis,Xyris_difformis
Streptophyta_437,Eukaryota,Archaeplastida,Streptophyta,Embryophyceae,Embryophyceae_X,Embryophyceae_XX,Oryza,Oryza_sativa,Oryza_sativa
Streptophyta_48,Eukaryota,Archaeplastida,Streptophyta,Embryophyceae,Embryophyceae_X,Embryophyceae_XX,Pinus,Pinus_luchuensis,Pinus_luchuensis
Glaucophyta_2,Eukaryota,Archaeplastida,Glaucophyta,Glaucocystophyceae,Glaucocystophytes,Cyanophoraceae,Cyanophora,Cyanophora_paradoxa,Cyanophora_paradoxa
Centroheliozoa_8,Eukaryota,Hacrobia,Centroheliozoa,Centroheliozoa_X,Pterocystida,Pterocystida_X,Pterocystida_XX,Pterocystida_XX_sp.,Pterocystida_XX_sp.
Cercozoa_14,Eukaryota,Rhizaria,Cercozoa,Filosa-Granofilosea,Filosa-Granofilosea_X,Massiteriidae,Massisteria,,Massisteria
Cercozoa_239,Eukaryota,Rhizaria,Cercozoa,Filosa-Thecofilosea,Ebriida,,,,Ebriida
Cercozoa_96,Eukaryota,Rhizaria,Cercozoa,Filosa-Imbricatea,Euglyphida,Euglyphidae,Tracheleuglypha,Tracheleuglypha_dentata,Tracheleuglypha_dentata
Ciliophora_1325,Eukaryota,Alveolata,Ciliophora,Spirotrichea,Choreotrichida,Strobilidiidae_A,Rimostrombidium_A,Rimostrombidium_veniliae,Rimostrombidium_veniliae
Opalozoa_190,Eukaryota,Stramenopiles,Opalozoa,Bicoecea,Bicoecea_X,Bicoecea_XX,Bicoecea_XXX,Bicoecea_XXX_sp.,Bicoecea_XXX_sp.
Opalozoa_194,Eukaryota,Stramenopiles,Opalozoa,Bicoecea,Bicoecales,Bicoecaceae,Bicoecaceae_X,Bicoecaceae_X_sp.,Bicoecaceae_X_sp.
Picozoa_3,Eukaryota,Hacrobia,Picozoa,Picozoa_X,Picozoa_XX,Picozoa_XXX,Picozoa_XXXX,Picozoa_XXXX_sp.,Picozoa_XXXX_sp.
Sagenista_36,Eukaryota,Stramenopiles,Sagenista,Labyrinthulomycetes,Thraustochytriales,Thraustochytriaceae,quahogparasite-QPX,quahogparasite-QPX_sp.,quahogparasite-QPX_sp.
Streptophyta_550,Eukaryota,Archaeplastida,Streptophyta,Embryophyceae,Embryophyceae_X,Embryophyceae_XX,Gilia,Gilia_capitata,Gilia_capitata
Streptophyta_552,Eukaryota,Archaeplastida,Streptophyta,Embryophyceae,Embryophyceae_X,Embryophyceae_XX,Camellia,Camellia_sinensis,Camellia_sinensis
Dinoflagellata_1778,Eukaryota,Alveolata,Dinoflagellata,Dinophyceae,Suessiales,Borghiellaceae,,,Borghiellaceae
Dinoflagellata_716,Eukaryota,Alveolata,Dinoflagellata,Dinophyceae,Gonyaulacales,Pyrophacaceae,Fragilidium,Fragilidium_mexicanum,Fragilidium_mexicanum
Streptophyta_464,Eukaryota,Archaeplastida,Streptophyta,Embryophyceae,Embryophyceae_X,Embryophyceae_XX,Burmannia,Burmannia_hexaptera,Burmannia_hexaptera
Discoba_17,Eukaryota,Excavata,Discoba,Heterolobosea,Heterolobosea_X,Gruberellidae,Stachyamoeba,Stachyamoeba_sp.,Stachyamoeba_sp.
Apusomonadidae_8,Eukaryota,Apusozoa,Apusomonadidae,Apusomonadidae_Group-1,Apusomonadidae_Group-1_X,Apusomonadidae_Group-1_XX,Apusomonas,Apusomonas_proboscidea,Apusomonas_proboscidea
Centroheliozoa_2,Eukaryota,Hacrobia,Centroheliozoa,Centroheliozoa_X,,,,,Centroheliozoa_X
Ciliophora_472,Eukaryota,Alveolata,Ciliophora,Phyllopharyngea,Cyrtophoria_5,Chlamydodontidae,,,Chlamydodontidae
Conosa_91,Eukaryota,Amoebozoa,Conosa,Variosea,Variosea_X,Cavosteliids,Cavostelium,Cavostelium_apophysatum,Cavostelium_apophysatum
Cercozoa_135,Eukaryota,Rhizaria,Cercozoa,Filosa-Imbricatea,Euglyphida,Cyphoderiidae,Cyphoderia,Cyphoderia_ampulla,Cyphoderia_ampulla
Cercozoa_347,Eukaryota,Rhizaria,Cercozoa,Endomyxa,Vampyrellida,Vampyrellida_X,Vampyrellida_XX,Vampyrellida_XX_sp.,Vampyrellida_XX_sp.
Cryptophyta_33,Eukaryota,Hacrobia,Cryptophyta,Cryptophyceae,Cryptomonadales,Cryptomonadales_X,Geminigera,Geminigera_cryophila,Geminigera_cryophila
Sagenista_160,Eukaryota,Stramenopiles,Sagenista,,,,,,Sagenista
Sagenista_61,Eukaryota,Stramenopiles,Sagenista,Labyrinthulomycetes,Labyrinthulales,Labyrinthulaceae,Aplanochytrium,Aplanochytrium_sp.,Aplanochytrium_sp.
Streptophyta_504,Eukaryota,Archaeplastida,Streptophyta,Embryophyceae,Embryophyceae_X,Embryophyceae_XX,Panax,Panax_notoginseng,Panax_notoginseng
Cercozoa_32,Eukaryota,Rhizaria,Cercozoa,Filosa-Granofilosea,Limnofilida,Limnofilidae,,,Limnofilidae
Ciliophora_1461,Eukaryota,Alveolata,Ciliophora,Spirotrichea,Strombidiida,Tontoniidae_B,Pseudotontonia,Pseudotontonia_simplicidens,Pseudotontonia_simplicidens
Pseudofungi_49,Eukaryota,Stramenopiles,Pseudofungi,Hyphochytriomyceta,Hyphochytrydiales,Hyphochrytriaceae,Rhizidiomyces,Rhizidiomyces_apophysatus,Rhizidiomyces_apophysatus
Cercozoa_24,Eukaryota,Rhizaria,Cercozoa,Filosa-Granofilosea,Limnofilida,Limnofilidae,Limnofilidae_X,Limnofilidae_X_sp.,Limnofilidae_X_sp.
Cercozoa_250,Eukaryota,Rhizaria,Cercozoa,Phaeodarea,,,,,Phaeodarea
Cercozoa_251,Eukaryota,Rhizaria,Cercozoa,Phaeodarea,,,,,Phaeodarea
Cercozoa_324,Eukaryota,Rhizaria,Cercozoa,Filosa-Sarcomonadea,Cercomonadida,Cercomonadidae,Cercomonas,Cercomonas_sp.,Cercomonas_sp.
Cercozoa_64,Eukaryota,Rhizaria,Cercozoa,Filosa-Imbricatea,Thaumatomonadida,Peregriniidae,Peregrinia,Peregrinia_clavideferens,Peregrinia_clavideferens
Cercozoa_8,Eukaryota,Rhizaria,Cercozoa,Filosa-Granofilosea,Filosa-Granofilosea_X,Massiteriidae,Massisteria,Massisteria_marina,Massisteria_marina
Chlorophyta_753,Eukaryota,Archaeplastida,Chlorophyta,Mamiellophyceae,Mamiellales,Mamiellaceae,Micromonas,Micromonas_clade_B5,Micromonas_clade_B5
Ciliophora_104,Eukaryota,Alveolata,Ciliophora,Spirotrichea,Hypotrichia,Hypotrichia_X,Hypotrichia_XX,Hypotrichia_XX_sp.,Hypotrichia_XX_sp.
Ciliophora_135,Eukaryota,Alveolata,Ciliophora,Spirotrichea,Euplotia,Discocephalidae,,,Discocephalidae
Ciliophora_800,Eukaryota,Alveolata,Ciliophora,Oligohymenophorea,Scuticociliatia_1,Philasterida,Philasterida_X,Philasterida_X_sp.,Philasterida_X_sp.
Cryptophyta_23,Eukaryota,Hacrobia,Cryptophyta,Cryptophyceae,Cryptomonadales,Cryptomonadales_X,Hanusia,Hanusia_phi,Hanusia_phi
Discoba_26,Eukaryota,Excavata,Discoba,Jakobida,Jakobida_X,Jakobidae,Jakoba,Jakoba_libera,Jakoba_libera
Metamonada_15,Eukaryota,Excavata,Metamonada,Preaxostyla,Oxymonadida,Pyrsonymphidae,Dinenympha,Dinenympha_sp.,Dinenympha_sp.
Metamonada_33,Eukaryota,Excavata,Metamonada,Fornicata,Fornicata_X,Carpediomonas-like,Kipferlia,Kipferlia_bialata,Kipferlia_bialata
Opalozoa_9,Eukaryota,Stramenopiles,Opalozoa,Bicoecea,Anoecales,Cafeteriaceae,Cafeteria,Cafeteria_roenbergensis,Cafeteria_roenbergensis
Pseudofungi_52,Eukaryota,Stramenopiles,Pseudofungi,Hyphochytriomyceta,Hyphochytrydiales,Hyphochrytriaceae,,,Hyphochrytriaceae
Radiolaria_43,Eukaryota,Rhizaria,Radiolaria,RAD-A,RAD-A_X,RAD-A_XX,RAD-A_XXX,RAD-A_XXX_sp.,RAD-A_XXX_sp.
Radiolaria_67,Eukaryota,Rhizaria,Radiolaria,,,,,,Radiolaria
Rhodophyta_125,Eukaryota,Archaeplastida,Rhodophyta,Bangiophyceae,Bangiales,Bangiaceae,Minerva,Minerva_aenigmata,Minerva_aenigmata
Sagenista_86,Eukaryota,Stramenopiles,Sagenista,MAST-6,MAST-6_X,MAST-6_XX,MAST-6_XXX,MAST-6_XXX_sp.,MAST-6_XXX_sp.
Streptophyta_20,Eukaryota,Archaeplastida,Streptophyta,Embryophyceae,Embryophyceae_X,Embryophyceae_XX,Dacrycarpus,Dacrycarpus_imbricatus,Dacrycarpus_imbricatus
Streptophyta_3,Eukaryota,Archaeplastida,Streptophyta,Embryophyceae,Embryophyceae_X,Embryophyceae_XX,,,Embryophyceae_XX
Streptophyta_547,Eukaryota,Archaeplastida,Streptophyta,Embryophyceae,Embryophyceae_X,Embryophyceae_XX,Solanum,,Solanum
Telonemia_16,Eukaryota,Hacrobia,Telonemia,Telonemia_X,Telonemia_XX,Telonemia-Group-2,Telonemia-Group-2_X,Telonemia-Group-2_X_sp.,Telonemia-Group-2_X_sp.
Telonemia_27,Eukaryota,Hacrobia,Telonemia,Telonemia_X,Telonemia_XX,Telonemia-Group-1,Telonemia-Group-1_X,Telonemia-Group-1_X_sp.,Telonemia-Group-1_X_sp.
Cercozoa_55,Eukaryota,Rhizaria,Cercozoa,Filosa-Imbricatea,Thaumatomonadida,Thaumatomonadidae,Thaumatomonas,Thaumatomonas_seravini,Thaumatomonas_seravini
Chlorophyta_388,Eukaryota,Archaeplastida,Chlorophyta,Chlorophyceae,Chlamydomonadales,Chlamydomonadales_X,Chlorosphaeropsis,Chlorosphaeropsis_alveolata,Chlorosphaeropsis_alveolata
Ochrophyta_54,Eukaryota,Stramenopiles,Ochrophyta,Chrysophyceae,Chrysophyceae_X,Chrysophyceae_Clade-H,Chrysophyceae_Clade-H_X,Chrysophyceae_Clade-H_X_sp.,Chrysophyceae_Clade-H_X_sp.
Cercozoa_200,Eukaryota,Rhizaria,Cercozoa,Filosa-Thecofilosea,Cryomonadida,Rhogostoma-lineage,Rhogostoma,Rhogostoma_sp.,Rhogostoma_sp.
Sagenista_54,Eukaryota,Stramenopiles,Sagenista,Labyrinthulomycetes,Labyrinthulales,Labyrinthulaceae,Aplanochytrium,Aplanochytrium_sp.,Aplanochytrium_sp.
Apicomplexa_156,Eukaryota,Alveolata,Apicomplexa,Coccidiomorphea,Eimeriida,Eimeriidae,,,Eimeriidae
Apusomonadidae_14,Eukaryota,Apusozoa,Apusomonadidae,,,,,,Apusomonadidae
Centroheliozoa_7,Eukaryota,Hacrobia,Centroheliozoa,Centroheliozoa_X,,,,,Centroheliozoa_X
Ciliophora_1186,Eukaryota,Alveolata,Ciliophora,Heterotrichea,Heterotrichea_X,Fabreidae,Fabrea,Fabrea_salina,Fabrea_salina
Ciliophora_750,Eukaryota,Alveolata,Ciliophora,Oligohymenophorea,Oligohymenophorea_X,Oligohymenophorea_XX,Cinetochilum,Cinetochilum_ovale,Cinetochilum_ovale
Conosa_96,Eukaryota,Amoebozoa,Conosa,,,,,,Conosa
Conosa_97,Eukaryota,Amoebozoa,Conosa,Mycetozoa-Myxogastrea,Trichiales,Trichiaceae,Trichia,Trichia_persimilis,Trichia_persimilis
Cryptophyta_5,Eukaryota,Hacrobia,Cryptophyta,Cryptophyceae,Cryptomonadales,Cryptomonadales_X,Cryptomonas,Cryptomonas_ovata,Cryptomonas_ovata
Radiolaria_29,Eukaryota,Rhizaria,Radiolaria,Polycystinea,Spumellarida,Spongodiscidae-Coccodiscidae,Hexacontium,Hexacontium_pachydermum,Hexacontium_pachydermum
Sagenista_30,Eukaryota,Stramenopiles,Sagenista,Labyrinthulomycetes,Thraustochytriales,Thraustochytriaceae,Thraustochytriaceae_X,Thraustochytriaceae_X_sp.,Thraustochytriaceae_X_sp.
Sagenista_31,Eukaryota,Stramenopiles,Sagenista,Labyrinthulomycetes,Thraustochytriales,Thraustochytriaceae,Thraustochytriaceae_X,Thraustochytriaceae_X_sp.,Thraustochytriaceae_X_sp.
Cercozoa_311,Eukaryota,Rhizaria,Cercozoa,Filosa-Sarcomonadea,Cercomonadida,Cercomonadidae,Cercomonas,Cercomonas_plasmodialis,Cercomonas_plasmodialis
Ciliophora_78,Eukaryota,Alveolata,Ciliophora,Spirotrichea,Hypotrichia,Oxytrichidae,Orthamphisiella,Orthamphisiella_breviseries,Orthamphisiella_breviseries
Dinoflagellata_1171,Eukaryota,Alveolata,Dinoflagellata,Dinophyceae,Gymnodiniales,Gymnodiniaceae,Paragymnodinium,Paragymnodinium_shiwhaense,Paragymnodinium_shiwhaense
Dinoflagellata_1376,Eukaryota,Alveolata,Dinoflagellata,Syndiniales,Dino-Group-II,Dino-Group-II-Clade-33,Dino-Group-II-Clade-33_X,Dino-Group-II-Clade-33_X_sp.,Dino-Group-II-Clade-33_X_sp.
Streptophyta_419,Eukaryota,Archaeplastida,Streptophyta,,,,,,Streptophyta
Streptophyta_557,Eukaryota,Archaeplastida,Streptophyta,Embryophyceae,Embryophyceae_X,Embryophyceae_XX,Platytheca,Platytheca_verticillata,Platytheca_verticillata
Conosa_30,Eukaryota,Amoebozoa,Conosa,Variosea,Variosea_X,AND16-lineage,AND16-lineage_X,AND16-lineage_X_sp.,AND16-lineage_X_sp.
Radiolaria_32,Eukaryota,Rhizaria,Radiolaria,Polycystinea,Spumellarida,Ethmosphaeridae,Styptosphaera,Styptosphaera_sp.,Styptosphaera_sp.
Streptophyta_520,Eukaryota,Archaeplastida,Streptophyta,Embryophyceae,Embryophyceae_X,Embryophyceae_XX,Citrus,Citrus_trifoliata,Citrus_trifoliata
Cryptophyta_83,Eukaryota,Hacrobia,Cryptophyta,Cryptophyceae,Cryptomonadales,Cryptomonadales_X,Plagiomonas,Plagiomonas_amylosa,Plagiomonas_amylosa
Opalozoa_25,Eukaryota,Stramenopiles,Opalozoa,MAST-3,MAST-3J,MAST-3J_X,MAST-3J_XX,MAST-3J_XX_sp.,MAST-3J_XX_sp.
Cercozoa_339,Eukaryota,Rhizaria,Cercozoa,Filosa-Sarcomonadea,Cercomonadida,Cercomonadidae,,,Cercomonadidae
Cercozoa_409,Eukaryota,Rhizaria,Cercozoa,,,,,,Cercozoa
Ciliophora_1639,Eukaryota,Alveolata,Ciliophora,Spirotrichea,Strombidiida,Strombidiidae_N,Strombidium_N,Strombidium_cuneiforme,Strombidium_cuneiforme
Ciliophora_428,Eukaryota,Alveolata,Ciliophora,Spirotrichea,Euplotia,Aspidiscidae,Aspidisca,Aspidisca_steini,Aspidisca_steini
Ciliophora_818,Eukaryota,Alveolata,Ciliophora,Oligohymenophorea,Scuticociliatia_1,Philasterida,Uronemella,Uronemella_parafilificum,Uronemella_parafilificum
Cryptophyta_12,Eukaryota,Hacrobia,Cryptophyta,Cryptophyceae,Cryptophyceae_X,Basal_Cryptophyceae-1,Basal_Cryptophyceae-1_X,Basal_Cryptophyceae-1_X_sp.,Basal_Cryptophyceae-1_X_sp.
Cryptophyta_41,Eukaryota,Hacrobia,Cryptophyta,Cryptophyceae,Cryptomonadales,Cryptomonadales_X,Teleaulax,Teleaulax_acuta,Teleaulax_acuta
Dinoflagellata_1942,Eukaryota,Alveolata,Dinoflagellata,Dinophyceae,Dinophysiales,Dinophysiaceae,Sinophysis,Sinophysis_microcephala,Sinophysis_microcephala
Discoba_32,Eukaryota,Excavata,Discoba,Jakobida,Jakobida_X,Jakobidae,,,Jakobidae
Glaucophyta_6,Eukaryota,Archaeplastida,Glaucophyta,Glaucocystophyceae,Glaucocystophytes,Cyanoptycaceae,Cyanoptyche,Cyanoptyche_gloeocystis,Cyanoptyche_gloeocystis
Radiolaria_90,Eukaryota,Rhizaria,Radiolaria,Acantharea,Acantharea-Group-VI,Acantharea-Group-VI_X,Acantharea-Group-VI_XX,Acantharea-Group-VI_XX_sp.,Acantharea-Group-VI_XX_sp.
Cercozoa_155,Eukaryota,Rhizaria,Cercozoa,Filosa-Sarcomonadea,Glissomonadida,Sandonidae,Sandonidae_Clade-N/F-A,Sandonidae_Clade_N/F-A_sp.,Sandonidae_Clade_N/F-A_sp.
Cercozoa_23,Eukaryota,Rhizaria,Cercozoa,Filosa-Granofilosea,Limnofilida,Limnofilidae,,,Limnofilidae
Cercozoa_337,Eukaryota,Rhizaria,Cercozoa,Filosa-Sarcomonadea,Cercomonadida,Cercomonadidae,Eocercomonas,Eocercomonas_sp.,Eocercomonas_sp.
Cercozoa_95,Eukaryota,Rhizaria,Cercozoa,Filosa-Imbricatea,,,,,Filosa-Imbricatea
Ciliophora_574,Eukaryota,Alveolata,Ciliophora,Colpodea,Colpodea_X,Colpodida,Colpodida_X,Colpodida_X_sp.,Colpodida_X_sp.
Conosa_125,Eukaryota,Amoebozoa,Conosa,Mycetozoa-Myxogastrea,,,,,Mycetozoa-Myxogastrea
Discoba_16,Eukaryota,Excavata,Discoba,Euglenozoa,,,,,Euglenozoa
Discoba_34,Eukaryota,Excavata,Discoba,Jakobida,Jakobida_X,Jakobidae,,,Jakobidae
Ochrophyta_881,Eukaryota,Stramenopiles,Ochrophyta,Xanthophyceae,Xanthophyceae_X,Xanthophyceae_XX,Botrydiopsis,Botrydiopsis_intercedens,Botrydiopsis_intercedens
Radiolaria_33,Eukaryota,Rhizaria,Radiolaria,Polycystinea,Spumellarida,Ethmosphaeridae,Styptosphaera,Styptosphaera_sp.,Styptosphaera_sp.
Radiolaria_48,Eukaryota,Rhizaria,Radiolaria,RAD-A,RAD-A_X,RAD-A_XX,RAD-A_XXX,RAD-A_XXX_sp.,RAD-A_XXX_sp.
Sagenista_50,Eukaryota,Stramenopiles,Sagenista,Labyrinthulomycetes,Labyrinthulales,Labyrinthulaceae,Aplanochytrium,Aplanochytrium_kerguelense,Aplanochytrium_kerguelense
Streptophyta_30,Eukaryota,Archaeplastida,Streptophyta,Embryophyceae,Embryophyceae_X,Embryophyceae_XX,Juniperus,Juniperus_chinensis,Juniperus_chinensis
Streptophyta_424,Eukaryota,Archaeplastida,Streptophyta,Embryophyceae,Embryophyceae_X,Embryophyceae_XX,Sparganium,Sparganium_eurycarpum,Sparganium_eurycarpum
Cercozoa_285,Eukaryota,Rhizaria,Cercozoa,Filosa-Sarcomonadea,Cercomonadida,Paracercomonadidae,Paracercomonas,Paracercomonas_sp.,Paracercomonas_sp.
Apicomplexa_327,Eukaryota,Alveolata,Apicomplexa,Gregarinomorphea,Gregarines,Gregarines_X,Selenidium2,,Selenidium2
Centroheliozoa_1,Eukaryota,Hacrobia,Centroheliozoa,Centroheliozoa_X,Centroheliozoa_XX,Centroheliozoa_XXX,Centroheliozoa_XXXX,Centroheliozoa_XXXX_sp.,Centroheliozoa_XXXX_sp.
Cercozoa_139,Eukaryota,Rhizaria,Cercozoa,Filosa-Imbricatea,Euglyphida,,,,Euglyphida
Cercozoa_161,Eukaryota,Rhizaria,Cercozoa,Filosa-Sarcomonadea,Glissomonadida,Sandonidae,Sandona,Sandona_campae,Sandona_campae
Cercozoa_165,Eukaryota,Rhizaria,Cercozoa,Filosa-Sarcomonadea,Glissomonadida,Allapsidae,Allapsa,Allapsa_sp.,Allapsa_sp.
Cercozoa_207,Eukaryota,Rhizaria,Cercozoa,Filosa-Thecofilosea,Cryomonadida,Cryomonadida_X,Cryomonadida_XX,Cryomonadida_XX_sp.,Cryomonadida_XX_sp.
Cercozoa_21,Eukaryota,Rhizaria,Cercozoa,Filosa-Granofilosea,Limnofilida,Limnofilidae,Limnofilidae_X,Limnofilidae_X_sp.,Limnofilidae_X_sp.
Cercozoa_218,Eukaryota,Rhizaria,Cercozoa,Filosa-Thecofilosea,Cryomonadida,Cryothecomonas-lineage,Cryothecomonas,Cryothecomonas_aestivalis,Cryothecomonas_aestivalis
Cercozoa_249,Eukaryota,Rhizaria,Cercozoa,Phaeodarea,Phaeoconchida,Conchariidae,Conchellium,Conchellium_capsula,Conchellium_capsula
Cercozoa_252,Eukaryota,Rhizaria,Cercozoa,Phaeodarea,Phaeocystida,Aulacanthidae,Aulacantha,Aulacantha_scolymantha,Aulacantha_scolymantha
Cercozoa_41,Eukaryota,Rhizaria,Cercozoa,Filosa-Imbricatea,Thaumatomonadida,Thaumatomonadidae,Thaumatomonas,Thaumatomonas_sp.,Thaumatomonas_sp.
Cercozoa_412,Eukaryota,Rhizaria,Cercozoa,,,,,,Cercozoa
Cercozoa_418,Eukaryota,Rhizaria,Cercozoa,Chlorarachniophyceae,Chlorarachnida,Chlorarachnida_X,Gymnochlora,Gymnochlora_sp.,Gymnochlora_sp.
Cercozoa_61,Eukaryota,Rhizaria,Cercozoa,Filosa-Imbricatea,Thaumatomonadida,Thaumatomonadidae,Thaumatomonas,Thaumatomonas_sp.,Thaumatomonas_sp.
Chlorophyta_352,Eukaryota,Archaeplastida,Chlorophyta,Chlorophyceae,Chlamydomonadales,Chlamydomonadales_X,Chlamydomonas,Chlamydomonas_sp.,Chlamydomonas_sp.
Chlorophyta_815,Eukaryota,Archaeplastida,Chlorophyta,Trebouxiophyceae,Microthamniales,Microthamniales_X,Trebouxia,Trebouxia_sp.,Trebouxia_sp.
Ciliophora_520,Eukaryota,Alveolata,Ciliophora,Nassophorea,Nassophorea_X,Nassulida,Nassula,Nassula_labiata,Nassula_labiata
Ciliophora_583,Eukaryota,Alveolata,Ciliophora,Colpodea,Colpodea_X,Sandmanniellidae,Sandmanniella,Sandmanniella_terricola,Sandmanniella_terricola
Ciliophora_585,Eukaryota,Alveolata,Ciliophora,Colpodea,Colpodea_X,Colpodida,Pseudoplatyophrya,Pseudoplatyophrya_nana,Pseudoplatyophrya_nana
Ciliophora_817,Eukaryota,Alveolata,Ciliophora,Oligohymenophorea,Scuticociliatia_1,Philasterida,Philasterida_X,Philasterida_X_sp.,Philasterida_X_sp.
Conosa_124,Eukaryota,Amoebozoa,Conosa,Mycetozoa-Myxogastrea,Stemonitales-Physarales,,,,Stemonitales-Physarales
Conosa_41,Eukaryota,Amoebozoa,Conosa,Variosea,ATCC50593-Flamella-WIM80-lineage,Flamella-lineage,Flamella,,Flamella
Conosa_64,Eukaryota,Amoebozoa,Conosa,Variosea,Variosea_X,Cavosteliids,,,Cavosteliids
Dinoflagellata_1541,Eukaryota,Alveolata,Dinoflagellata,Syndiniales,Dino-Group-I,Dino-Group-I-Clade-1,Dino-Group-I-Clade-1_X,Dino-Group-I-Clade-1_X_sp.,Dino-Group-I-Clade-1_X_sp.
Dinoflagellata_1597,Eukaryota,Alveolata,Dinoflagellata,Dinophyceae,Peridiniales,Kryptoperidiniaceae,Durinskia,Durinskia_dybowskii,Durinskia_dybowskii
Discoba_18,Eukaryota,Excavata,Discoba,Heterolobosea,Heterolobosea_X,Heterolobosea_XX,Neovahlkampfia,Neovahlkampfia_damariscottae,Neovahlkampfia_damariscottae
Opalozoa_17,Eukaryota,Stramenopiles,Opalozoa,MAST-3,MAST-3A,MAST-3A_X,MAST-3A_XX,MAST-3A_XX_sp.,MAST-3A_XX_sp.
Picozoa_13,Eukaryota,Hacrobia,Picozoa,Picozoa_X,Picozoa_XX,Picozoa_XXX,Picozoa_XXXX,Picozoa_XXXX_sp.,Picozoa_XXXX_sp.
Pseudofungi_114,Eukaryota,Stramenopiles,Pseudofungi,Oomycota,Oomycota_X,Peronosporales,Phytophthora,Phytophthora_tropicalis,Phytophthora_tropicalis
Pseudofungi_55,Eukaryota,Stramenopiles,Pseudofungi,,,,,,Pseudofungi
Radiolaria_115,Eukaryota,Rhizaria,Radiolaria,Polycystinea,Nassellaria,Plagiacanthoidea,Pseudocubus,Pseudocubus_obeliscus,Pseudocubus_obeliscus
Radiolaria_116,Eukaryota,Rhizaria,Radiolaria,Polycystinea,Nassellaria,Plagiacanthoidea,Lithomelissa,Lithomelissa_sp.,Lithomelissa_sp.
Sagenista_88,Eukaryota,Stramenopiles,Sagenista,Labyrinthulomycetes,Labyrinthulales,Labyrinthulaceae,Labyrinthulaceae_X,Labyrinthulaceae_X_sp.,Labyrinthulaceae_X_sp.
Streptophyta_350,Eukaryota,Archaeplastida,Streptophyta,Embryophyceae,Embryophyceae_X,Embryophyceae_XX,Porella,Porella_pinnata,Porella_pinnata
Streptophyta_453,Eukaryota,Archaeplastida,Streptophyta,Embryophyceae,Embryophyceae_X,Embryophyceae_XX,Zea,Zea_mays,Zea_mays
Streptophyta_503,Eukaryota,Archaeplastida,Streptophyta,Embryophyceae,Embryophyceae_X,Embryophyceae_XX,Delosperma,Delosperma_echinatum,Delosperma_echinatum
Streptophyta_59,Eukaryota,Archaeplastida,Streptophyta,Embryophyceae,Embryophyceae_X,Embryophyceae_XX,Ephedra,Ephedra_sinica,Ephedra_sinica
Telonemia_29,Eukaryota,Hacrobia,Telonemia,Telonemia_X,Telonemia_XX,Telonemia-Group-1,,,Telonemia-Group-1
Ciliophora_667,Eukaryota,Alveolata,Ciliophora,Plagiopylea,Plagiopylea_X,Trimyemidae,Trimyema,,Trimyema
Dinoflagellata_1397,Eukaryota,Alveolata,Dinoflagellata,Syndiniales,Dino-Group-II,Dino-Group-II-Clade-23,Dino-Group-II-Clade-23_X,Dino-Group-II-Clade-23_X_sp.,Dino-Group-II-Clade-23_X_sp.
Lobosa_39,Eukaryota,Amoebozoa,Lobosa,Tubulinea,Leptomyxida,Flabellulidae,Flabellula,,Flabellula
Metamonada_7,Eukaryota,Excavata,Metamonada,Preaxostyla,Oxymonadida,Pyrsonymphidae,Pyrsonympha,Pyrsonympha_sp.,Pyrsonympha_sp.
Sagenista_170,Eukaryota,Stramenopiles,Sagenista,Labyrinthulomycetes,Thraustochytriales,Thraustochytriaceae,Aurantiochytrium,Aurantiochytrium_sp.,Aurantiochytrium_sp.
Ciliophora_807,Eukaryota,Alveolata,Ciliophora,Oligohymenophorea,Scuticociliatia_1,Philasterida,Uronema,Uronema_elegans,Uronema_elegans
Ochrophyta_4,Eukaryota,Stramenopiles,Ochrophyta,Chrysophyceae,Chrysophyceae_X,Chrysophyceae_Clade-G,Chrysophyceae_Clade-G_X,Chrysophyceae_Clade-G_X_sp.,Chrysophyceae_Clade-G_X_sp.
Discoba_25,Eukaryota,Excavata,Discoba,Heterolobosea,Heterolobosea_X,,,,Heterolobosea_X
Streptophyta_487,Eukaryota,Archaeplastida,Streptophyta,Embryophyceae,Embryophyceae_X,Embryophyceae_XX,Anagallis,Anagallis_tenella,Anagallis_tenella
Opalozoa_176,Eukaryota,Stramenopiles,Opalozoa,MAST-12,MAST-12C,MAST-12C_X,MAST-12C_XX,MAST-12C_XX_sp.,MAST-12C_XX_sp.
Cercozoa_33,Eukaryota,Rhizaria,Cercozoa,Filosa-Granofilosea,Limnofilida,Limnofilidae,,,Limnofilidae
Radiolaria_19,Eukaryota,Rhizaria,Radiolaria,Polycystinea,Spumellarida,Spongodiscidae-Coccodiscidae,Didymocyrtis,Didymocyrtis_tetrathalamus,Didymocyrtis_tetrathalamus
Streptophyta_51,Eukaryota,Archaeplastida,Streptophyta,Embryophyceae,Embryophyceae_X,Embryophyceae_XX,Pinus,,Pinus
Cryptophyta_116,Eukaryota,Hacrobia,Cryptophyta,Cryptophyceae,Cryptomonadales,Cryptomonadales_X,Cryptomonas,Cryptomonas_ovata,Cryptomonas_ovata
Radiolaria_45,Eukaryota,Rhizaria,Radiolaria,RAD-A,RAD-A_X,RAD-A_XX,RAD-A_XXX,RAD-A_XXX_sp.,RAD-A_XXX_sp.
Chlorophyta_440,Eukaryota,Archaeplastida,Chlorophyta,Chlorophyceae,Chlamydomonadales,Chlamydomonadales_X,Dunaliella,Dunaliella_salina,Dunaliella_salina
Dinoflagellata_124,Eukaryota,Alveolata,Dinoflagellata,Dinophyceae,Gymnodiniales,Gymnodiniaceae,Amphidinium,Amphidinium_massartii,Amphidinium_massartii
Metamonada_6,Eukaryota,Excavata,Metamonada,Preaxostyla,Oxymonadida,Pyrsonymphidae,Pyrsonympha,Pyrsonympha_sp.,Pyrsonympha_sp.
Opalozoa_164,Eukaryota,Stramenopiles,Opalozoa,Opalinata,Opalinata_X,Blastocystis-Group,Blastocystis,Blastocystis_pythoni,Blastocystis_pythoni
Radiolaria_35,Eukaryota,Rhizaria,Radiolaria,Polycystinea,Spumellarida,Pyloniidae-Spongodiscidae,Stylodictya,Stylodictya_sp.,Stylodictya_sp.
Apusomonadidae_5,Eukaryota,Apusozoa,Apusomonadidae,Apusomonadidae_Group-1,Apusomonadidae_Group-1_X,Apusomonadidae_Group-1_XX,Amastigomonas,Amastigomonas_sp.,Amastigomonas_sp.
Ciliophora_446,Eukaryota,Alveolata,Ciliophora,Phyllopharyngea,Suctoria,Suctoria_X,Suctoria_XX,Suctoria_XX_sp.,Suctoria_XX_sp.
Dinoflagellata_1495,Eukaryota,Alveolata,Dinoflagellata,Syndiniales,Dino-Group-I,Dino-Group-I-Clade-5,Dino-Group-I-Clade-5_X,Dino-Group-I-Clade-5_X_sp.,Dino-Group-I-Clade-5_X_sp.
Ochrophyta_1092,Eukaryota,Stramenopiles,Ochrophyta,Phaeophyceae,Phaeophyceae_X,Phaeophyceae_XX,Sargassum,Sargassum_horneri,Sargassum_horneri
Sagenista_51,Eukaryota,Stramenopiles,Sagenista,Labyrinthulomycetes,Labyrinthulales,Labyrinthulaceae,Labyrinthula,Labyrinthula_sp.,Labyrinthula_sp.
Metamonada_11,Eukaryota,Excavata,Metamonada,Preaxostyla,Oxymonadida,Pyrsonymphidae,Pyrsonympha,Pyrsonympha_sp.,Pyrsonympha_sp.
Metamonada_30,Eukaryota,Excavata,Metamonada,Fornicata,Fornicata_X,Carpediomonas-like,Kipferlia,Kipferlia_bialata,Kipferlia_bialata
Opalozoa_2,Eukaryota,Stramenopiles,Opalozoa,Bicoecea,Anoecales,Symbiomonaceae,Symbiomonas,Symbiomonas_scintillans,Symbiomonas_scintillans
Katablepharidophyta_1,Eukaryota,Hacrobia,Katablepharidophyta,Katablepharidaceae,Katablepharidales,Katablepharidales_X,Katablepharidales_XX,Katablepharidales_XX_sp.,Katablepharidales_XX_sp.
Dinoflagellata_1928,Eukaryota,Alveolata,Dinoflagellata,Dinophyceae,Dinophyceae_X,Tovelliaceae,Woloszynskia,Woloszynskia_sp.,Woloszynskia_sp.
Apusomonadidae_1,Eukaryota,Apusozoa,Apusomonadidae,Apusomonadidae_Group-1,Apusomonadidae_Group-1_X,Apusomonadidae_Group-1_XX,Amastigomonas,Amastigomonas_debruynei,Amastigomonas_debruynei
Centroheliozoa_5,Eukaryota,Hacrobia,Centroheliozoa,Centroheliozoa_X,,,,,Centroheliozoa_X
Radiolaria_30,Eukaryota,Rhizaria,Radiolaria,Polycystinea,Spumellarida,Spongodiscidae-Coccodiscidae,,,Spongodiscidae-Coccodiscidae
Sagenista_53,Eukaryota,Stramenopiles,Sagenista,Labyrinthulomycetes,Labyrinthulales,Labyrinthulaceae,Labyrinthula,Labyrinthula_sp.,Labyrinthula_sp.
Opalozoa_14,Eukaryota,Stramenopiles,Opalozoa,MAST-3,MAST-3E,MAST-3E_X,MAST-3E_XX,MAST-3E_XX_sp.,MAST-3E_XX_sp.
Opalozoa_12,Eukaryota,Stramenopiles,Opalozoa,MAST-3,MAST-3F,MAST-3F_X,MAST-3F_XX,MAST-3F_XX_sp.,MAST-3F_XX_sp.
Sagenista_209,Eukaryota,Stramenopiles,Sagenista,Labyrinthulomycetes,Thraustochytriales,Thraustochytriaceae,Aurantiochytrium,Aurantiochytrium_sp.,Aurantiochytrium_sp.
Cercozoa_167,Eukaryota,Rhizaria,Cercozoa,Filosa-Sarcomonadea,Glissomonadida,Allapsidae,,,Allapsidae
Cercozoa_198,Eukaryota,Rhizaria,Cercozoa,Filosa-Thecofilosea,Cryomonadida,Rhogostoma-lineage,Capsellina,Capsellina_sp.,Capsellina_sp.
Cercozoa_237,Eukaryota,Rhizaria,Cercozoa,Filosa-Thecofilosea,Ebriida,Ebriidae,Ebria,Ebria_tripartita,Ebria_tripartita
Cercozoa_242,Eukaryota,Rhizaria,Cercozoa,Filosa-Thecofilosea,Tectofilosida,Pseudodifflugiidae,Pseudodifflugia,Pseudodifflugia_gracilis,Pseudodifflugia_gracilis
Cercozoa_332,Eukaryota,Rhizaria,Cercozoa,Filosa-Sarcomonadea,Cercomonadida,Cercomonadidae,Cercomonas,,Cercomonas
Cercozoa_50,Eukaryota,Rhizaria,Cercozoa,Filosa-Imbricatea,Thaumatomonadida,Thaumatomonadidae,Thaumatomonas,,Thaumatomonas
Chlorophyta_684,Eukaryota,Archaeplastida,Chlorophyta,Mamiellophyceae,Mamiellales,Bathycoccaceae,Ostreococcus,Ostreococcus_lucimarinus,Ostreococcus_lucimarinus
Ciliophora_1308,Eukaryota,Alveolata,Ciliophora,Spirotrichea,Choreotrichida,Strobilidiidae_I,Strobilidiidae_I_X,Strobilidiidae_I_X_sp.,Strobilidiidae_I_X_sp.
Dinoflagellata_1249,Eukaryota,Alveolata,Dinoflagellata,Dinophyceae,Gymnodiniales,Warnowiaceae,Nematodinium,Nematodinium_sp.,Nematodinium_sp.
Dinoflagellata_1417,Eukaryota,Alveolata,Dinoflagellata,Syndiniales,Dino-Group-II,Dino-Group-II-Clade-10-and-11,Dino-Group-II-Clade-10-and-11_X,Dino-Group-II-Clade-10-and-11_X_sp.,Dino-Group-II-Clade-10-and-11_X_sp.
Dinoflagellata_1712,Eukaryota,Alveolata,Dinoflagellata,Dinophyceae,Prorocentrales,Prorocentraceae,Prorocentrum,Prorocentrum_texanum,Prorocentrum_texanum
Discoba_30,Eukaryota,Excavata,Discoba,Jakobida,Jakobida_X,Jakobidae,,,Jakobidae
Metamonada_12,Eukaryota,Excavata,Metamonada,Preaxostyla,Oxymonadida,Pyrsonymphidae,Pyrsonympha,Pyrsonympha_sp.,Pyrsonympha_sp.
Metamonada_24,Eukaryota,Excavata,Metamonada,,,,,,Metamonada
Opalozoa_198,Eukaryota,Stramenopiles,Opalozoa,Bicoecea,Pseudodendromonadales,Pseudodendromonadales_X,Pseudodendromonadales_XX,Pseudodendromonadales_XX_sp.,Pseudodendromonadales_XX_sp.
Radiolaria_49,Eukaryota,Rhizaria,Radiolaria,RAD-A,RAD-A_X,RAD-A_XX,RAD-A_XXX,RAD-A_XXX_sp.,RAD-A_XXX_sp.
Radiolaria_66,Eukaryota,Rhizaria,Radiolaria,RAD-B,RAD-B_X,,,,RAD-B_X
Rhodophyta_263,Eukaryota,Archaeplastida,Rhodophyta,Bangiophyceae,Bangiales,Bangiaceae,Dione,Dione_arcuata,Dione_arcuata
Sagenista_119,Eukaryota,Stramenopiles,Sagenista,,,,,,Sagenista
Sagenista_125,Eukaryota,Stramenopiles,Sagenista,Labyrinthulomycetes,Thraustochytriales,Thraustochytriaceae,Thraustochytrium,Thraustochytrium_striatum,Thraustochytrium_striatum
Streptophyta_494,Eukaryota,Archaeplastida,Streptophyta,Embryophyceae,Embryophyceae_X,Embryophyceae_XX,Rhamnus,Rhamnus_cathartica,Rhamnus_cathartica
Ciliophora_246,Eukaryota,Alveolata,Ciliophora,Spirotrichea,Hypotrichia,Oxytrichidae,Oxytrichidae_X,Oxytrichidae_X_sp.,Oxytrichidae_X_sp.
Radiolaria_0,Eukaryota,Rhizaria,Radiolaria,Polycystinea,Nassellaria,Plagiacanthoidea,Lithomelissa,Lithomelissa_sp.,Lithomelissa_sp.
Cercozoa_289,Eukaryota,Rhizaria,Cercozoa,Filosa-Sarcomonadea,Cercomonadida,Paracercomonadidae,Paracercomonas,Paracercomonas_sp.,Paracercomonas_sp.
Cercozoa_86,Eukaryota,Rhizaria,Cercozoa,Filosa-Imbricatea,Filosa-Imbricatea_X,Novel-clade-2,Novel-clade-2_X,Novel-clade-2_X_sp.,Novel-clade-2_X_sp.
Dinoflagellata_1539,Eukaryota,Alveolata,Dinoflagellata,Syndiniales,Dino-Group-I,Dino-Group-I-Clade-1,Dino-Group-I-Clade-1_X,Dino-Group-I-Clade-1_X_sp.,Dino-Group-I-Clade-1_X_sp.
Picozoa_2,Eukaryota,Hacrobia,Picozoa,Picozoa_X,Picozoa_XX,Picozoa_XXX,Picozoa_XXXX,Picozoa_XXXX_sp.,Picozoa_XXXX_sp.
Streptophyta_229,Eukaryota,Archaeplastida,Streptophyta,Zygnemophyceae,Zygnemophyceae_X,Zygnemophyceae_XX,,,Zygnemophyceae_XX
Streptophyta_476,Eukaryota,Archaeplastida,Streptophyta,Embryophyceae,Embryophyceae_X,Embryophyceae_XX,Euonymus,Euonymus_hamiltonianus_var._sieboldianus,Euonymus_hamiltonianus_var._sieboldianus
Ochrophyta_731,Eukaryota,Stramenopiles,Ochrophyta,Bacillariophyta,Bacillariophyta_X,Radial-centric-basal-Coscinodiscophyceae,Leptocylindrus,Leptocylindrus_danicus,Leptocylindrus_danicus
Rhodophyta_314,Eukaryota,Archaeplastida,Rhodophyta,,,,,,Rhodophyta
Lobosa_44,Eukaryota,Amoebozoa,Lobosa,Tubulinea,Leptomyxida,Flabellulidae,Paraflabellula,,Paraflabellula
Cercozoa_170,Eukaryota,Rhizaria,Cercozoa,Filosa-Sarcomonadea,Glissomonadida,Glissomonadida_X,Glissomonadida_XX,Glissomonadida_XX_sp.,Glissomonadida_XX_sp.
